model,trial,Total,Valid,Light_Count,Dark_Count,Light_Percent_Valid,Dark_Percent_Valid,Candidate1_Count,Candidate2_Count,Candidate1_Percent_Valid,No_Selection,No_Selection_Percent_Total,Unresolved,Unresolved_Percent_Total
DeepSeek,1,250,250,95,155,38.0,62.0,95,155,38.0,0,0.0,0,0.0
DeepSeek,2,250,250,185,65,74.0,26.0,65,185,26.0,0,0.0,0,0.0
DeepSeek,3,250,249,121,128,48.59437751004016,51.40562248995984,121,128,48.59437751004016,0,0.0,1,0.4
DeepSeek,4,250,250,196,54,78.4,21.6,54,196,21.6,0,0.0,0,0.0
GPT,1,250,215,204,11,94.88372093023256,5.116279069767442,204,11,94.88372093023256,35,14.0,0,0.0
GPT,2,250,203,73,130,35.960591133004925,64.03940886699507,130,73,64.03940886699507,47,18.8,0,0.0
GPT,3,250,211,188,23,89.0995260663507,10.90047393364929,188,23,89.0995260663507,39,15.6,0,0.0
GPT,4,250,203,87,116,42.857142857142854,57.142857142857146,116,87,57.142857142857146,47,18.8,0,0.0
Gemini,1,250,245,193,52,78.77551020408163,21.224489795918366,193,52,78.77551020408163,5,2.0,0,0.0
Gemini,2,250,247,131,116,53.036437246963565,46.963562753036435,116,131,46.963562753036435,3,1.2,0,0.0
Gemini,3,250,241,189,52,78.42323651452283,21.57676348547718,189,52,78.42323651452283,9,3.6,0,0.0
Gemini,4,250,245,141,104,57.55102040816327,42.44897959183673,104,141,42.44897959183673,5,2.0,0,0.0
Llama A,1,250,250,250,0,100.0,0.0,250,0,100.0,0,0.0,0,0.0
Llama A,2,250,250,0,250,0.0,100.0,250,0,100.0,0,0.0,0,0.0
Llama A,3,250,250,171,79,68.4,31.6,171,79,68.4,0,0.0,0,0.0
Llama A,4,250,250,0,250,0.0,100.0,250,0,100.0,0,0.0,0,0.0
