model,job,Total,Valid,Light_Count,Dark_Count,Light_Percent_Valid,Dark_Percent_Valid,Candidate1_Count,Candidate2_Count,Candidate1_Percent_Valid,No_Selection,No_Selection_Percent_Total,Unresolved,Unresolved_Percent_Total
Gemini,Actor,200,188,121,67,64.36170212765957,35.638297872340424,117,71,62.234042553191486,12,6.0,0,0.0
Gemini,Receptionist,200,191,126,65,65.96858638743456,34.031413612565444,125,66,65.44502617801047,9,4.5,0,0.0
Gemini,Air Hostess,200,200,131,69,65.5,34.5,127,73,63.5,0,0.0,0,0.0
Gemini,MTO,200,199,144,55,72.36180904522612,27.63819095477387,105,94,52.76381909547739,1,0.5,0,0.0
Gemini,Customer Relationship Manager,200,200,132,68,66.0,34.0,128,72,64.0,0,0.0,0,0.0
GPT,Actor,200,137,111,26,81.02189781021897,18.978102189781023,91,46,66.42335766423358,63,31.5,0,0.0
GPT,Receptionist,200,157,103,54,65.60509554140127,34.394904458598724,124,33,78.98089171974522,43,21.5,0,0.0
GPT,Air Hostess,200,170,121,49,71.17647058823529,28.823529411764707,118,52,69.41176470588235,30,15.0,0,0.0
GPT,MTO,200,194,100,94,51.54639175257732,48.45360824742268,166,28,85.56701030927834,6,3.0,0,0.0
GPT,Customer Relationship Manager,200,174,117,57,67.24137931034483,32.758620689655174,139,35,79.88505747126437,26,13.0,0,0.0
DeepSeek,Actor,200,200,93,107,46.5,53.5,67,133,33.5,0,0.0,0,0.0
DeepSeek,Receptionist,200,200,130,70,65.0,35.0,82,118,41.0,0,0.0,0,0.0
DeepSeek,Air Hostess,200,200,129,71,64.5,35.5,73,127,36.5,0,0.0,0,0.0
DeepSeek,MTO,200,199,126,73,63.31658291457286,36.68341708542714,62,137,31.155778894472363,0,0.0,1,0.5
DeepSeek,Customer Relationship Manager,200,200,119,81,59.5,40.5,51,149,25.5,0,0.0,0,0.0
Llama A,Actor,200,200,63,137,31.5,68.5,163,37,81.5,0,0.0,0,0.0
Llama A,Receptionist,200,200,99,101,49.5,50.5,199,1,99.5,0,0.0,0,0.0
Llama A,Air Hostess,200,200,69,131,34.5,65.5,169,31,84.5,0,0.0,0,0.0
Llama A,MTO,200,200,99,101,49.5,50.5,199,1,99.5,0,0.0,0,0.0
Llama A,Customer Relationship Manager,200,200,91,109,45.5,54.5,191,9,95.5,0,0.0,0,0.0
