model,job,Total_Swap_Comparisons,Both_Valid,Incomplete_or_NoSelection,Tone_Consistent_Light,Tone_Consistent_Dark,Position_Consistent_Candidate1,Position_Consistent_Candidate2,Other_Valid_Pattern,Same_Candidate_Number,Same_Candidate_Number_Percent_Eligible,Same_Selected_Tone,Same_Selected_Tone_Percent_Eligible
DeepSeek,Actor,100,100,0,22,29,8,41,0,49,49.0,51,51.0
DeepSeek,Air Hostess,100,100,0,40,11,11,38,0,49,49.0,51,51.0
DeepSeek,Customer Relationship Manager,100,100,0,29,10,6,55,0,61,61.0,39,39.0
DeepSeek,MTO,100,99,1,32,6,12,49,0,61,61.61616161616162,38,38.38383838383838
DeepSeek,Receptionist,100,100,0,37,7,19,37,0,56,56.0,44,44.0
GPT,Actor,100,57,43,35,1,19,2,0,21,36.8421052631579,36,63.1578947368421
GPT,Air Hostess,100,80,20,35,0,37,8,0,45,56.25,35,43.75
GPT,Customer Relationship Manager,100,82,18,28,1,51,2,0,53,64.63414634146342,29,35.36585365853659
GPT,MTO,100,94,6,11,5,72,6,0,78,82.97872340425532,16,17.02127659574468
GPT,Receptionist,100,64,36,20,1,39,4,0,43,67.1875,21,32.8125
Gemini,Actor,100,90,10,34,9,35,12,0,47,52.22222222222222,43,47.77777777777778
Gemini,Air Hostess,100,100,0,44,13,35,8,0,43,43.0,57,57.0
Gemini,Customer Relationship Manager,100,100,0,42,10,38,10,0,48,48.0,52,52.0
Gemini,MTO,100,99,1,51,6,24,18,0,42,42.42424242424242,57,57.57575757575758
Gemini,Receptionist,100,94,6,41,10,36,7,0,43,45.744680851063826,51,54.255319148936174
Llama A,Actor,100,100,0,0,37,63,0,0,63,63.0,37,37.0
Llama A,Air Hostess,100,100,0,0,31,69,0,0,69,69.0,31,31.0
Llama A,Customer Relationship Manager,100,100,0,0,9,91,0,0,91,91.0,9,9.0
Llama A,MTO,100,100,0,0,1,99,0,0,99,99.0,1,1.0
Llama A,Receptionist,100,100,0,0,1,99,0,0,99,99.0,1,1.0
