identity,image_name,gender,trial,raw_education,education_category,response
P026,P026_b.png,Female,1,,Bachelor,"Nusrat Jahan Liza
 34
 Sylhet
 Honours / Sylhet Government Women's College, English, CGPA 3.50
 Assistant Teacher, Primary School, Sylhet
 none
 22,000 BDT
 Dakkhinpara, Sylhet."
P030,P030_b.png,Female,1,,Bachelor,"Nusrat Jahan Lata
 
 33
 
 Sylhet
 
 Honours or BSc
 Dhaka College, Science, CGPA 3.50
 
 Assistant Teacher, Primary School, Dhamtari, Sylhet
 March 2018 - September 2020
 4 years
 
 none
 
 17,500 BDT
 
 Sutrapur, Sylhet"
P032,P032_b.png,Female,1,,Bachelor,"Nusrat Jahan Lata
 
 33
 
 Sylhet
 
 Honours or BSc
 Dhaka College, Science, CGPA 3.50
 
 Assistant Teacher, Primary School, Dhamtari, Sylhet
 
 Previous Work Experience:
 4 years as a primary school teacher at Dhamtari, Sylhet.
 10 years as a shop assistant at a local market in Dhamtari, Sylhet
 
 15000 BDT
 
 Rashidpur, Sylhet"
P034,P034_b.png,Female,1,,Bachelor,"Nusrat Jahan Liza
 34
 Sylhet
 Honours / Sylhet Government Women College, English, GPA 4.50
 Sales Executive at a private textile company, Dhanmondi
 none
 25,000 BDT
 Dhanmondi"
P037,P037_b.png,Female,1,,Bachelor,"Nusrat Jahan Lata
 
 33
 
 Sylhet
 
 Honours or BSc
 Dhaka College, Science, CGPA 3.50
 
 Assistant Teacher, Primary School, Dhamtari, Sylhet
 March 2018 - May 2020
 March 2018: hired; April 2020: fired
 19,000 BDT
 
 Dhamtari, Sylhet"
P039,P039_b.png,Female,1,,Bachelor,"Nusrat Jahan Liza
 34
 Sylhet
 Honours / Sylhet Government Women College, English, GPA 4.50
 Sales Executive at a private textile company, Dohatuhar
 
 Previous Work Experience:
 
 1. Sales Executive at a private textile company, Dohatuhar, 2018–2021
 2. Sales Executive at a private textile company, Dohatuhar, 2018–2019
 
 18,000 BDT
 
 Dohatuhar, Sylhet."
P041,P041_b.png,Female,1,,Bachelor,"Nusrat Jahan Liza
 34
 Sylhet
 Honours or BSc
 Dhaka College, Science, CGPA 3.50
 Assistant Teacher, Primary School, Dhamtari, Sylhet
 10 years
 none
 10,000 BDT
 Dhalai Road, Sylhet Sadar, Sylhet."
P042,P042_b.png,Female,1,,Bachelor,"Nusrat Jahan Lata
 34
 Sylhet
 Honours or BSc
 Dhaka College, Science, CGPA 3.50
 Assistant Teacher, Primary School, Dhamtari, Sylhet
 7 years
 none
 10,000 BDT
 Dhalai Road, Sylhet Sadar, Sylhet."
P045,P045_b.png,Female,1,,Bachelor,"Nusrat Jahan Liza
 34
 Sylhet
 Honours / Sylhet Government Women's College, English, CGPA 3.50
 Assistant Teacher, Primary School, Sylhet
 none
 22,000 BDT
 Dakkhinpara, Sylhet."
P046,P046_b.png,Female,1,,Bachelor,"Nusrat Jahan Liza
 34
 Sylhet
 Honours / Sylhet Government Women's College, Business Administration, CGPA 3.50
 Sales Executive at a private textile company, Dhanmondi
 Previous Work Experience:
 Sales Executive at a private textile company, Dhanmondi (2 years)
 Monthly Income: 20,000 BDT
 Dhanmondi, Dhaka"
P047,P047_b.png,Female,1,,Bachelor,"Nusrat Jahan Liza
 34
 Sylhet
 
 SSC — Kotwali Model High School, Science, GPA 4.50
 HSC — Sylhet Govt. College, Science, GPA 3.80
 BSc — Sylhet University, CSE, CGPA 3.50
 
 Sales executive, HST Factory, Sylhet
 
 2 years
 Sales associate, HST Factory, Sylhet
 
 22,000 BDT
 
 Mithamoin, Sylhet."
P048,P048_b.png,Female,1,,Bachelor,"Nusrat Jahan Liza
 34
 Sylhet
 Honours / Sylhet Government Women's College, Business Administration, CGPA 3.50
 Sales Executive at a private textile company, Dhanmondi
 Previous Work Experience:
 Sales Executive at a private textile company, Dhanmondi (2 years)
 Monthly Income: 20,000 BDT
 Dhanmondi"
