model,tone,education_category,Count,Percent
DeepSeek,Dark,Bachelor,80,53.333333333333336
DeepSeek,Dark,HSC,55,36.666666666666664
DeepSeek,Dark,Postgraduate,15,10.0
DeepSeek,Light,Bachelor,78,52.0
DeepSeek,Light,HSC,38,25.333333333333336
DeepSeek,Light,Postgraduate,34,22.666666666666664
GPT,Dark,Bachelor,123,82.0
GPT,Dark,HSC,15,10.0
GPT,Dark,Postgraduate,6,4.0
GPT,Dark,SSC,6,4.0
GPT,Light,Bachelor,126,84.0
GPT,Light,HSC,7,4.666666666666667
GPT,Light,Postgraduate,14,9.333333333333334
GPT,Light,SSC,3,2.0
Gemini,Dark,Bachelor,140,93.33333333333333
Gemini,Dark,HSC,1,0.6666666666666667
Gemini,Dark,Postgraduate,9,6.0
Gemini,Light,Bachelor,136,90.66666666666666
Gemini,Light,Postgraduate,14,9.333333333333334
Llama,Dark,Bachelor,12,8.0
Llama,Dark,HSC,93,62.0
Llama,Dark,SSC,45,30.0
Llama,Light,Bachelor,22,14.666666666666666
Llama,Light,HSC,102,68.0
Llama,Light,SSC,26,17.333333333333336
